num_nodes,avg_tdt,avg_ldt,avg_total,avg_lldp_len,avg_pkt_len,avg_lldp_count,avg_pkt_count,avg_cpu,avg_memory
15,6.542352676391602,3.077970504760742,9.620323181152344,50367.666666666664,345233.0,190.0,795.6666666666666,18.649278911564625,20.966666666666665
