num_nodes,avg_tdt,avg_ldt,avg_total,avg_lldp_len,avg_pkt_len,avg_lldp_count,avg_pkt_count,avg_cpu,avg_memory
5,2.1257519721984863,1.1367534001668294,3.2625053723653155,9231.333333333334,98674.33333333333,30.333333333333332,212.0,4.2,16.7
10,4.434542973836263,1.9654558499654133,6.399998823801676,55134.666666666664,321288.3333333333,194.0,749.0,4.943231758493758,16.996367229062166
15,5.843116839726766,2.835543394088745,8.67866023381551,151887.33333333334,708716.0,537.6666666666666,1725.3333333333333,6.334473165329659,17.152922957801007
