num_nodes,avg_tdt,avg_ldt,avg_total,avg_lldp_len,avg_pkt_len,avg_lldp_count,avg_pkt_count,avg_cpu,avg_memory
15,5.072136799494426,2.0480730533599854,7.120209852854411,40328.0,283892.0,152.66666666666666,708.3333333333334,18.502806122448977,20.9
