num_nodes,avg_tdt,avg_ldt,avg_total,avg_lldp_len,avg_pkt_len,avg_lldp_count,avg_pkt_count,avg_cpu,avg_memory
6,3.5625991026560464,3.0919699668884277,6.654569069544474,8266.333333333334,95236.0,27.666666666666668,201.66666666666666,6.0,20.354166666666668
12,5.453370014826457,3.061871608098348,8.515241622924805,34804.333333333336,224324.66666666666,124.0,550.3333333333334,6.39558189732447,20.368992248062014
18,6.04993748664856,1.8966277440388997,7.946565230687459,69863.0,397701.6666666667,263.3333333333333,1011.3333333333334,7.25936350021395,20.522871202396235
24,10.128955284754435,2.922358512878418,13.051313797632853,155393.66666666666,834181.3333333334,594.6666666666666,2037.6666666666667,8.732094886395961,20.908809549669765
30,13.203135331471762,2.961694320042928,16.16482965151469,241831.0,1269359.6666666667,931.0,3075.0,10.753780882469018,21.29697126429619
